{
  "timeCompensation": 2,
  "arrowPosition": {
    "x": 932411.01,
    "y": 61.41597014875352,
    "z": -207606.99335786462
  }
}